{"sections":{"featured_product_PN3gHc":{"type":"featured-product","blocks":{"text_KBrFQw":{"type":"text","settings":{"text":"{{ section.settings.product.vendor }}","text_style":"uppercase"}},"title_YwaEUX":{"type":"title","settings":{"heading_size":"h1"}},"price_a7F7Mb":{"type":"price","settings":{}},"variant_picker_WFTCPQ":{"type":"variant_picker","settings":{"picker_type":"button"}},"quantity_selector_4CkidX":{"type":"quantity_selector","settings":{}},"buy_buttons_nUnAxX":{"type":"buy_buttons","settings":{"show_dynamic_checkout":true,"show_gift_card_recipient":true}},"share_Xmjhc3":{"type":"share","settings":{"share_label":"Share"}}},"block_order":["text_KBrFQw","title_YwaEUX","price_a7F7Mb","variant_picker_WFTCPQ","quantity_selector_4CkidX","buy_buttons_nUnAxX","share_Xmjhc3"],"settings":{"product":"giga5000-situs-slot-deposit-pulsa-5000","color_scheme":"","secondary_background":false,"media_size":"medium","constrain_to_viewport":true,"media_fit":"contain","media_position":"left","image_zoom":"lightbox","hide_variants":false,"enable_video_looping":false,"padding_top":36,"padding_bottom":36}}},"order":["featured_product_PN3gHc"]}